SV_TAXONOMY,SV_TAXONOMY_TERM,SV_TAXONOMY_DESCRIPTION,Alcohol Addictions and Other Substances,BC Gov Information,Body Image and Eating ,Education and Awareness,Mood and Anxiety ,Psychosis and Thought Disorders ,Suicide and Self Harm ,Trauma and Abuse ,Adults,Children and Youth ,Students
FN-1900,Crime Victim Support,"Programs whose objective is to help victims of crimes and their families recover from the trauma of their experience, get medical assistance when required, make their way through the legal system, have an opportunity to provide input to parole or clemency hearings, take appropriate steps, where relevant, to avoid becoming re-victimized, access the benefits to which they are entitled and rebuild their lives.",,,,,,,,X,X,X,
LH-2700.0150,AIDS/HIV Prevention Counselling,"Programs that provide counseling services for individuals at risk for contracting or transmitting the HIV virus with the objective of supporting their ability to make behavior changes that will reduce their risk of acquiring or transmitting HIV. Counseling involves a personal risk assessment, development of a personalized action plan and the decision to seek an HIV test. Individuals who have a history of injection drug use, sex with a person with HIV/AIDS, sex with a man who has sex with other men, sex with an injection drug user, a sexually transmitted disease, or exchanging money or drugs for sex are considered to be at high or increased risk and are targets for prevention counseling.",X,,,,X,X,,,X,X,X
PH-1400.6500,Peer to Peer Networking,"Programs that link individuals who have a particular disability or condition or have specific types of life experiences and are interested in meeting or corresponding with others who have similar disabilities, conditions or experiences for the purpose of information sharing and support.",X,,X,,X,X,X,X,X,X,X
PH-2360.2400,Family Support Centres/Outreach,"Programs that provide a wide variety of social services that are designed to support the healthy development of families, improve family interaction skills and help fragile families to resolve their problems at a pre-crisis stage before they become unmanageable. Services may be center-based or provided on an outreach basis to families who are initially reluctant to seek support and generally target the specific needs of a particular community. Included may be self-sufficiency programs which help families break the cycle of poverty by addressing the barriers to self-sufficiency; early child development and school success programs; programs which address the needs of teen parents; programs which target parents at risk for becoming abusive; programs for families with children who have special developmental needs and programs that focus on the maternal and child health care needs of first-time, expectant women whose babies are at high risk for low birth weight and infant mortality.",X,,X,,X,X,X,X,X,X,
PN-8100.0200,Abuse/Violence Related Support Groups,"Mutual support groups whose members are individuals who have experienced physical or emotional abuse within the context of the home or workplace, human trafficking, sexual assault or violent crime. The groups meet in-person, by telephone or via the Internet; provide emotional support, information and resources for participants; and may be structured for victims/survivors of abuse and/or violence, for family members and others affected by the violence, or for perpetrators of family violence.",,,,,,,,X,X,X,X
PN-8100.0200-100,Child Abuse Support Groups,"Mutual support groups whose members are individuals who have been involved in a persistent pattern of violence and/or neglect involving a child which may include abandonment, emotional abuse, emotional deprivation, physical abuse and corporal punishment that results in a traumatic condition, physical neglect and/or inadequate supervision and/or sexual abuse or exploitation. The groups meet in-person, by telephone or via the Internet; provide emotional support, information and resources for those who participate; and may be structured for children who are victims of abuse, siblings, non-abusing parents or other adults living in the household, adults who were abused as children, parents who are involved in child abuse or fear they may abuse their children or others who are responsible for an abused child and are involved in the abuse.",,,,,,,,X,X,X,
PN-8100.0200-130,Crime Victim Support Groups,"Mutual support groups whose members are burglary victims, hate crimes victims, stalking victims, workplace violence victims, torture victims or other individuals who have experienced violent crime and/or the spouses or partners, other family members and friends of crime victims. The groups meet in-person, by telephone or via the Internet; and provide emotional support, information and resources to help participants cope with the negative after effects of their ordeal.",,,,,,,,X,X,X,X
PN-8100.0200-180,Domestic Violence Support Groups,"Mutual support groups whose members are individuals who have been involved in physical or emotional abuse involving a spouse or other partner. The groups meet in-person, by telephone or via the Internet; provide emotional support, information and resources for those who participate; and may be structured for victims of domestic violence or those responsible for battering them.",,,,,,,,X,X,,
PN-8100.0200-800,Sexual Assault/Incest Support Groups,"Mutual support groups whose members are individuals who have been sexually assaulted or have experienced incest as a child, their spouses or partners, other family members and friends. The groups provide emotional support, information and resources to help participants recover from their ordeal and may be structured specifically for male and female sexual assault survivors; individuals who have been sexually abused by physicians, therapists, religious authority figures or other trusted individuals; or male and/or female adults and teens who experienced incest or were sexually exploited as children. Groups may also be offered for perpetrators of sexual assault, child molestation or other sex crimes. Meeting formats may include in-person, telephone or Internet options.",,,,,,,,X,X,,
PN-8100.0500-030,Adult Children of Alcoholics Support Groups,"Mutual support groups whose members are adults who were reared by or had contact in their formative years with a parent or parent figure who had an alcohol use disorder and, as a result, have internalized both the excessive alcohol consumption and codependency patterns of coping which may interfere with positive adjustment in adult life. The groups meet in-person, by telephone or via the Internet; and allow participants to share their experience, strengths and hopes to solve the problems they have in common.",X,,,,,,,,X,,
PN-8100.0500-070,Alcohol Use Disorder Support Groups,"Mutual support groups whose members are individuals who have or are at risk of an alcohol use disorder. The groups meet in-person, by telephone or via the Internet; provide emotional support, information and resources to help participants overcome their disorder; and may include faith-based and secular 12-step groups as well as non-12 step groups, and groups for anesthetists, pharmacists, psychologists, physicians or other health care professionals who are recovering from an alcohol use disorder.",X,,,,,,,,X,X,
PN-8100.0500-180,Drug Use Disorder Support Groups,"Mutual support groups whose members are individuals who have a disorder involving the use of drugs including prescription drugs and over-the-counter medication. The groups meet in-person, by telephone or via the Internet; provide emotional support, information and resources to help participants overcome their disorder; and may include faith-based and secular 12-step groups as well as non-12 step groups, and groups for anesthetists, pharmacists, psychologists, physicians or other health care professionals who are recovering from a drug use disorder.",X,,,,,,,,X,X,
PN-8100.0500-270,General Addictions/Substance Use Disorder Support Groups,"Mutual support groups whose members are people who have any type of behavioral addiction or a substance use disorder involving alcohol or other drugs. The groups meet in-person, by telephone or via the Internet; provide emotional support, information and resources to help those who participate modify their behavior; and may include faith-based and secular 12-step groups as well as non-12 step groups.",X,,,,,,,,X,X,
PN-8100.1000,Bereavement Support Groups,"Mutual support groups whose members are people who have experienced the loss of a loved one. The groups meet in-person, by telephone or via the Internet; and focus on helping participants accept their loss, express their grief, move through the bereavement process and put their lives back together.",,,,,X,,,,X,X,
PN-8100.1000-800,Suicide Survivors Support Groups,"Mutual support groups whose members are families and friends of people who have attempted to commit or have committed suicide. The groups meet in-person, by telephone or via the Internet; and focus on helping participants overcome feelings of helplessness and responsibility for the actions of the individual so they can express their grief, move through the bereavement process and put their lives back together.",,,,,X,,X,X,X,X,X
PN-8100.1000-900,Widow/Widower Support Groups,"Mutual support groups whose members are husbands, wives or other individuals who have experienced the loss of their marriage partner or significant other. Groups may also be structured for the surviving spouses of people in law enforcement, the military or other specific high-risk professions. The groups meet in-person, by telephone or via the Internet; and focus on helping participants accept their loss, express their grief, and move through the bereavement process. The groups also help members put their lives back together by providing practical information about legal issues, financial arrangements and other responsibilities of daily living.",,,,,X,,,X,X,,
PN-8100.4500-050,Aging/Older Adult Support Groups,"Mutual support groups whose members are individuals in the later years of their lives. The groups meet in-person, by telephone or via the Internet; and allow participants to share their experience, strengths and hopes to solve the problems they have in common and to address the quality of life issues that affect them all.",,,,,X,,,,X,,
PN-8100.4500-500,Men's Support Groups,"Mutual support groups whose members are men who want an opportunity to share their issues and concerns with other men in a safe, supportive environment. Meeting formats may include in-person, telephone or Internet options.",X,,X,,X,X,X,X,X,,
PN-8100.4500-900,Women's Support Groups,"Mutual support groups whose members are women who want an opportunity to share their issues and concerns with other women in a safe, supportive environment. Meeting formats may include in-person, telephone or Internet options.",X,,X,,X,X,X,X,X,,
PN-8100.4500-950,Youth/Student Support Groups,"Mutual support groups whose members are young people, including students, who want an opportunity to share their issues and concerns with other youth in a safe, supportive environment. Meeting formats may include in-person, telephone or Internet options.",X,,X,,X,X,X,X,X,X,X
PN-8100.5000,Mental Health Related Support Groups,"Mutual support groups whose members are people who have specific social, emotional or other mental health problems. Families and friends may also be welcome. The groups meet in-person, by telephone or via the Internet; and provide an opportunity for participants to share information, practical tips for daily living and encouragement about issues related to the problem.",X,,X,,X,X,X,X,X,X,
PN-8100.6500,Parenting/Family Support Groups,"Mutual support groups whose members are individuals who have experiences relating to adoption, birth control, family planning, pregnancy, childbirth, foster care, kinship care, marriage, parenting, separation/divorce, single parenting, step families, blended families, grandparent rights or other family situations. The groups meet in-person, by telephone or via the Internet; and provide an opportunity for participants to share their experience, strengths and hopes, understand their relationships and work through related emotions.",,,,,X,,,X,X,,
PN-8100.6500-450,Marriage and Relationships Support Groups,"Mutual support groups whose members are individuals or couples who want to learn to build healthy, lasting relationships and/or work through problems such as poor communication or infidelity in a current relationship or marriage. Included are groups for people who have never been married, are divorced, widowed, in a relationship or presently married, and want to learn to develop intimacy, communicate effectively, work as a team to solve problems, manage conflicts without damaging closeness and preserve and enhance love, commitment and friendship within the context of a marriage or relationship. The groups meet in-person, by telephone or via the Internet; and provide an opportunity for participants to share their experience, strengths and hopes, understand their relationships and work through related emotions.",,,,,X,,,X,X,,
PN-8100.6500-650,Parent Support Groups,"Mutual support groups for parents who share a common characteristic or circumstance such as being single parents, dual career parents, multiple birth parents, parents with children who are out of control, or parents of children with disabilities, who come together for educational and social purposes as well as for mutual support. Meeting formats may include in-person, telephone or Internet options.",,,,X,X,,,,X,X,
PN-8100.6500-680,Pregnancy/Childbirth Support Groups,"Mutual support groups whose members are pregnant women or women who have had difficulties in areas relating to family planning, pregnancy and childbirth. Included are groups for individuals who are pregnant for the first time, women who are contemplating a home birth, breastfeeding women, families making decisions relating to birth control, women who have had a cesarean birth, women who are at high risk for a problem pregnancy and parents of premature or high-risk infants. The groups meet in-person, by telephone or via the Internet; and provide an opportunity for participants to share their experience, strengths and hopes, understand their relationships and work through related emotions.",,,,,X,,,,X,X,
RD-1500,Cognitive Behavioural Therapy,Programs that specialize in providing therapeutic interventions that treat thoughts and cognitions as behaviors which are amenable to behavioral procedures.,X,,X,,X,X,X,X,X,X,X
RF-2000,Family Counselling,Programs that offer therapeutic sessions that focus on the system of relationships and communication patterns among family members and which attempt to modify those relationships and patterns to achieve greater harmony. The therapist focuses on the family as a unit rather than concentrating on one of the members who is singled out as the person in need of treatment.,X,,X,,X,X,X,X,X,X,
RF-2500,Group Counselling,"Programs that offer therapist-facilitated collective treatment sessions in which unrelated groups of individuals, couples or families discuss their attitudes, feelings and problems and, with input from other members of the group, attempt to achieve greater self and interpersonal understanding and adjustment and explore solutions to their problems.",X,,X,,X,X,X,X,X,X,
RF-3300,Individual Counselling,"Programs that offer personal therapeutic sessions in which the therapist works on a one-to-one basis with clients to help them resolve their mental, emotional or social problems.",X,,X,,X,X,X,X,X,X,X
RF-6500,Peer Counselling,Programs that offer individual therapeutic sessions which are facilitated or guided by an individual who is the same age as the client (an age-peer) or who has experienced and resolved the same type of problem as the client.,X,,X,,X,X,X,X,X,X,X
RF-8380,Talklines/Warmlines,"Programs that offer a telephone service that enables people who are troubled to talk confidentially about their personal problems with an empathetic listener. These programs are often staffed by volunteers who can offer referrals for ongoing treatment, if needed.",X,,X,,X,X,X,X,X,X,X
RM-3300.6600,Psychiatric Inpatient Units,"Programs offered in special units of general acute care hospitals that provide diagnostic and treatment services for children, adolescents, adults and/or older adults who have acute or chronic mental or emotional disturbances, require hospitalization for maximum benefit, and who might be a threat to themselves, to their families or to others if left in the community or placed in a less restrictive treatment setting. Services may include a comprehensive evaluation; 24-hour care in a supportive, therapeutic environment; counseling for the patient and family; adjunctive therapies as needed; medication, if required; and an aftercare program following discharge.",X,,X,,X,X,X,X,X,X,
RM-3300.6600-050,Adolescent Psychiatric Inpatient Units,"Programs offered in special units of general acute care hospitals that provide diagnostic and treatment services for adolescents, usually age 12 or 13 through 17 who have acute psychiatric disorders, require hospitalization for maximum benefit, and who may be a threat to themselves, to their families or to others if left in the community or placed in a less restrictive treatment setting. Services may include a comprehensive evaluation; 24-hour care in a supportive, therapeutic environment; counseling for the patient and family; adjunctive therapies as needed; medication, if required; and an aftercare program following discharge.",X,,X,,X,X,X,X,,X,
RM-3300.6600-150,Children's Psychiatric Inpatient Units,"Programs offered in special units of general acute care hospitals that provide diagnostic and treatment services for children from infancy through age 12 who have acute psychiatric disorders, require hospitalization for maximum benefit, and who may be a threat to themselves, to their families or to others if left in the community or placed in a less restrictive treatment setting. Services may include a comprehensive evaluation; 24-hour care in a supportive, therapeutic environment; counseling for the patient and family; adjunctive therapies as needed; medication, if required; and an aftercare program following discharge.",X,,X,,X,X,X,X,,X,
RM-6500.5000,Mental Health Drop In Centres,"Programs that provide an alternative, nonresidential environment for people who have mental, emotional or social problems and which may offer recreational activities, socialization, individual or group counseling, mutual support group meetings, information and referral or other similar services. Included are centers that are staffed by consumers of psychiatric services as well as centers that are managed by professional staff.",X,,X,,X,X,X,X,X,X,X
RP-1400.2500,General Counselling Services,"Programs that provide emotional support, information and guidance to help people resolve whatever personal or interpersonal difficulties they are experiencing. The counselor can address any issue that is troubling the individual, but does not specialize in the treatment of any particular problem area.",X,,X,,X,X,X,X,X,X,
RP-1400.8000,Specialized Counselling Services,"Programs that provide treatment services which may include emotional support, problem-solving assistance, information and guidance in a variety of counseling settings for individuals who are having difficulty in coping with a traumatic experience or a personal relationship or in making the adjustments that are required by their particular stage in life.",X,,X,,X,X,X,X,X,X,X
RP-1400.8000-020,Abuse Counselling,"Programs that provide individual, conjoint, family or group treatment for people who are experiencing physical, sexual, emotional and/or other forms of abuse in the context a marital, parental, sibling or other family relationship or, in some instances, outside the family. Included are programs that provide therapeutic interventions for perpetrators and/or for individuals who have been victimized.",,,,,,,,X,X,X,
RP-1400.8000-020.05,Adult Child Sexual Abuse Counselling,"Programs that provide therapeutic interventions for adults who, as children, were subjected to sexual abuse or exploitation that took place within the family by a parent, guardian, step-parent, sibling or other relative or outside the home by a friend, neighbor, child care provider teacher or stranger and who dealing with the trauma of that experience in their adult lives. Child sexual abuse includes sexual kissing, touching, fondling a child's genitals, oral, anal or vaginal intercourse and incest (sexual intercourse between an adult family member and a child or between siblings) as well as behaviors that don’t involve contact such as genital exposure (""flashing""), intentionally engaging in sexual activity in front of a child, verbal pressure for sex, and sexual exploitation for purposes of prostitution or pornography. Counseling is offered in a variety of settings and may include individual, conjoint, family and group therapy sessions.",,,,,,,,X,X,,
RP-1400.8000-020.15,Child Abuse Counselling,"Programs that provide therapeutic interventions for individuals and/or families who are experiencing child abuse including abandonment, neglect, or emotional, physical or sexual abuse by a parent, guardian, or other family or extended family member whom the child trusts and who is in a position of power over the child. Counseling is offered in a variety of settings and may include individual, conjoint, family and group therapy sessions for the child, the abusing or non-abusing parent(s) and siblings. Separate sessions may be available for young children who have been victimized and for older children in their teens.",,,,,,,,X,,X,
RP-1400.8000-020.18,Child Sexual Abuse Counselling,"Programs that specialize in the treatment of children and youth who are coping with the trauma of child sexual abuse which occurs when an adult, older adolescent or another child threatens, forces or manipulates a child into sexual activity abusing the relationship of power and authority that adults have over children. Sexual abuse includes sexual kissing, touching, fondling a child’s genitals, oral, anal or vaginal intercourse and incest (sexual intercourse between an adult family member and a child or between siblings) as well as behaviors that don’t involve contact such as genital exposure (""flashing""), intentionally engaging in sexual activity in front of a child, verbal pressure for sex, and sexual exploitation for purposes of prostitution or pornography. Child sexual abuse can take place within the family by a parent, step-parent, sibling or other relative; or outside the home by a friend, neighbor, child care provider, teacher or stranger. Separate counseling sessions may be structured for young children who have been victimized and for older children in their teens.",,,,,,,,X,,X,
RP-1400.8000-020.21,Counselling for Children Affected by Domestic Violence,"Programs that identify, assess and provide individual, group or family counseling or other therapeutic services for children who have been exposed to domestic violence. The therapy helps children cope with their emotional reaction to the violence, reduce problematic symptoms/behaviors (e.g., nightmares, insomnia, aggressiveness, outbursts of anger, withdrawal), understand, to the extent they can, why their parents are fighting and be reassured that it is not their fault. Children who are not ready to discuss what they have witnessed may be asked to use drawing of their family or their home, play with dolls or engage in other activities as a way of expressing what they are unable to say. Therapists also work to help the family create a safe and stable environment that will support the child’s ability to heal. Specific therapeutic approaches will vary depending on the child's age, their level of traumatization and other factors. Treatment may involve consultation with the child's school or contacts with pediatricians, attorneys or other providers involved with the family.",,,,,,,,X,,X,
RP-1400.8000-020.80,Spouse/Intimate Partner Abuse Counselling,"Programs that provide individual, conjoint, family or group treatment for individuals who are being physically, sexually and/or emotionally abused by their partners, and/or for perpetrators. Included are programs that provide therapeutic interventions for married couples, people who have live-in mates and/or gay and lesbian couples who are experiencing problems with abuse.",,,,,,,,X,X,,
RP-1400.8000-050,Adolescent/Youth Counselling,"Programs that specialize in the treatment of adolescents, usually age 12 or 13 through 17, who have adjustment problems, behavior problems, emotional disturbance, a personality disorder or incipient mental illness. The programs may help youth troubled by low self-esteem, social isolation, peer pressure, bullying, school performance issues, truancy, anger management issues, family problems, grief and loss, sexual promiscuity, sexually transmitted disease, alcohol or drug addiction, eating disorders, oppositional and defiant behaviors, depression and anxiety, suicidal thoughts or other difficult issues.",X,,X,,X,X,X,X,,X,
RP-1400.8000-070,Anger Management,"Programs that provide educational and/or therapeutic opportunities for people who are interested in or who need to learn how to deal with their anger in a positive, functional way. Participants may include people who internalize their anger as well as those who act it out verbally or in behavior toward friends, family, children, employers or other people in their lives. Included are court-ordered and voluntary programs for people who are involved in domestic violence or child abuse as well as general workshops for people who are uncomfortable with the way they express their anger.",,,,X,X,,,X,X,X,
RP-1400.8000-145,Caregiver Counselling,"Programs that provide emotional support, information and guidance in individual and/or group settings for family members, friends, significant others, non-familial caregivers or attendants who are caring for someone who has a serious illness or disability or who is elderly and increasingly unable to provide for his or her own care, and are feeling overwhelmed by their responsibilities and the effect that their caregiving role has had on their lives.",,,,,X,,,,X,,
RP-1400.8000-160,Crime Victim/Witness Counselling,"Programs that provide emotional support, information and guidance in a variety of settings for individuals and families who are attempting to deal with their fears, their feelings of being violated and other negative aftereffects of being burglarized, robbed, assaulted or otherwise victimized. Also included are programs that provide counseling for people who have been traumatized by witnessing an act of violence.",,,,,,,,X,X,X,
RP-1400.8000-167,Cultural Transition Counselling,"Programs that provide emotional support, information and guidance in a variety of settings for individuals, often refugees or other immigrants, who are experiencing stress, confusion and other feelings which result from difficulty adjusting to the language, customs, values and other aspects of a culture that is different than their own. Counseling may be available in the individual's primary language.",,,,,X,,,,X,X,X
RP-1400.8000-175,Divorce Counselling,"Programs that provide emotional support, information and guidance in a variety of settings for individuals who are divorced or have decided to divorce or separate, and for their families.",,,,,X,,,,X,,
RP-1400.8000-270,Geriatric Counselling,"Programs that provide emotional support, information and guidance in a variety of settings for older adults who are having mental, emotional or social adjustment problems that have arisen as a result of the process of aging. Geriatric counseling services are provided primarily by social services professionals including licensed social workers rather that psychiatrists or other medical personnel.",,,,,X,,,,X,,
RP-1400.8000-500,Marriage Counselling,"Programs that provide emotional support, problem solving assistance, and guidance for one or both married or cohabiting partners who are having problems with their relationship and need assistance to identify the root of their difficulty and explore alternative resolutions with the objective of enhancing the relationship for both partners. Counseling may be available in a variety of settings and may include individual or group counseling for one or both of the partners, conjoint counseling and encounter-type experiences for groups of couples who are experiencing marital problems and/or who want to enhance their marriages.",,,,,X,,,,X,,
RP-1400.8000-650,Parent Counselling,"Programs that provide a wide variety of therapeutic interventions for parents who are experiencing emotional difficulties or conflicts concerning their role as parents. Included are individual or group counseling for one or both parents or conjoint parent counseling which focuses on and explores the mental, emotional or social problems of the individual(s) which contribute to their parenting problems.",,,,,X,,,,X,X,
RP-1400.8000-655,Perinatal/Postpartum Depression Counselling,"Programs that provide emotional support, information and guidance in a variety of settings for women who have symptoms of depression following delivery of a child which may include feelings of sadness and inadequacy, lack of feeling for the baby, overconcern for the baby, crying for no reason, inability to concentrate, changes in sleeping patterns, numbness, anger, anxiety, exaggerated highs and lows and thoughts of suicide.",,,,,X,,,,X,X,
RP-1400.8000-675,Psychiatric Disorder Counselling,"Programs that specialize in the treatment of individuals who have identified mental or emotional disorders with the objective of helping them to eliminate or reduce the severity of their symptoms, to mediate disturbed patterns of behavior, to promote positive personality growth and development and to maximize the individual's ability to function as independently as possible. Treatment may utilize therapeutic techniques derived from one or more theoretical counseling approaches.",,,X,,X,X,,,X,X,
RP-1400.8000-800,Sexual Assault Counselling,"Programs that provide crisis, short-term and/or ongoing counseling for people who are coping with the emotional trauma of being forced to engage in sexual intercourse or other sexual acts without their consent. Included are military sexual trauma (MST) counseling programs offered by facilities operated by the U.S. Department of Veteran Affairs, which address the needs of veterans who have been traumatized by having experienced assault or repeated threatening sexual harassment which occurred while serving on active duty in the military. Counseling and support may be offered in a variety of settings and may include individual, conjoint, family and group therapy sessions for the survivor and/or significant others.",,,,,,,,X,X,,
RP-1400.8000-825,Suicide Counselling,"Programs that provide in-person individual, conjoint, family or group treatment for people who are experiencing an emotional crisis and are attempting to cope by threatening or attempting self-destruction; or for people who have experienced these feelings, made such threats or attempted to fatally harm themselves either on one occasion or repeatedly; and/or for the families and significant others of these people.",,,,,,,X,,X,X,X
RP-1500,Crisis Intervention,"Programs that provide immediate assistance for people who are in acute emotional distress; who are or perceive themselves to be in life-threatening situations; who are a danger to themselves or to others; or who are hysterical, frightened or otherwise unable to cope with a problem that requires immediate action. The objective of crisis intervention is to defuse the critical nature of the situation, ensure the person's safety, and return the individual to a state of equilibrium in which he or she is capable of identifying and seeking solutions to the problem.",,,,,X,,X,,X,X,
RP-1500.1400,Crisis Intervention Hotlines/Helplines,"Programs that provide immediate access to support and advice for people who are in distress with the objective of defusing the emotional impact of the crisis, ensuring the person's safety and helping the person to take the next steps toward resolving the problem. Hotlines/helplines are generally staffed by trained volunteers who are available via the telephone, email, live chat, texting and/or instant message (IM).",,,,,,,X,X,X,X,
RP-1500.1400-150,Child Abuse Hotlines,"Programs that provide immediate assistance for parents who have abused or fear they may abuse their children with the objective of defusing the parent's anger and frustration and ensuring the child's future safety through referrals for ongoing support and treatment. Also included may be services for abused children and concerned others who are in need of advice, guidance and/or emotional support. Hotline staff are generally available via the telephone, email, live chat, texting and/or instant message (IM).",,,,,,,,X,X,X,
RP-1500.1400-750,Sexual Assault Hotlines,"Programs that provide immediate assistance for people who are survivors of rape, incest and other forms of sexual assault which may include steps to ensure the person's safety, short-term emotional support, information regarding the person's rights and alternatives, and referrals and/or accompaniment to resources for medical, legal and emotional needs, advocacy and other related services. Hotline staff are generally available via the telephone, email, live chat, texting and/or instant message (IM).",,,,,,,,X,X,X,
RP-1500.1500,Crisis Residential Treatment,"Programs that provide a short-term residential alternative to inpatient hospitalization for adults and/or children who are experiencing a mental health crisis and require 24-hour support in a supervised environment to become stabilized, but do not exhibit medical complications that necessitate nursing care.",X,,X,,X,X,X,X,X,X,
RP-1500.3400-650,Psychiatric Mobile Response Teams,"Mobile psychiatric emergency teams composed of designated mental health workers (psychiatrists, RN's, MSW's, psychologists, psychiatric technicians) in any combination which intervene in situations where an individual's mental or emotional condition results in behavior which constitutes an imminent danger to him or herself or to another and is unwilling to seek voluntary treatment. These teams are generally operated by county mental health agencies and have the authority to issue an order which authorizes involuntary inpatient hospitalization for up to 72 hours.",X,,X,,X,X,X,X,X,X,
RP-1500.6750,Psychiatric Emergency Room Care,Psychiatric and health care facilities that are capable of restraining and treating people who are in acute emotional distress on a 24-hour basis.,X,,X,,X,X,X,X,X,X,X
RP-5000,Mental Health Evaluation,"Programs that provide screening, diagnostic and treatment planning services for people who are experiencing acute or chronic psychiatric problems. Included is a continuum of assessment services ranging from a comprehensive psychiatric or psychological evaluation to the administration of one or a combination of psychological tests to examine a particular personality variable. Services may be provided in a variety of settings including hospitals and community-based clinics.",X,,X,,X,X,X,X,X,X,X
RP-5000.1400,Central Intake/Assessment for Mental Health Services,"Programs that coordinate access to outpatient mental health services and/or psychiatric hospitalization and residential treatment facilities in a community by evaluating the nature and severity of an individual's mental health problem, determining which service response would best meet the needs of the patient, doing an eligibility assessment, and providing a referral to (or facilitating placement in) an appropriate program or facility. Mental health triage services may be located in an emergency department, community mental health service, call center or co-located with other specialized mental health services.",X,,X,,X,X,X,X,X,X,X
RP-5000.5000,Mental Health Screening,"Programs that offer simple tests that people who are concerned about their emotional health can take to learn more about their symptoms and ways of coping with them. Individuals generally have an opportunity to see a film and/or hear a talk about the causes, symptoms and treatment of specific mental health problems; complete a screening questionnaire; and talk about the results with a mental health professional. People who test positively are encouraged to seek further evaluation and, potentially, treatment. Most mental health screenings are confidential and available at no cost. Mental health screenings may also be available by telephone or online.",X,,X,,X,X,X,X,X,X,X
RP-5000.5000-180,Depression Screening,"Programs that offer simple tests for people who have feelings of sadness, hopelessness, restlessness and irritability; trouble sleeping; loss of energy; changes in appetite; or thoughts of suicide, and who want to learn more about clinical depression and ways of coping with their symptoms. Individuals generally have an opportunity to see a film and/or hear a talk about the causes, symptoms and treatment of depression; complete a screening questionnaire; and talk with a mental health professional about the results. People who test positively are encouraged to seek further evaluation and, potentially, treatment. Most depression screenings are confidential and available at no cost. Depression screenings may also be available by telephone or online.",,,,,X,,,,X,X,
RP-5000.6400,Psychological Assessment,"Programs that utilize a variety of means to evaluate and identify the best mode of treatment for individuals who have developmental deficits, learning disabilities, neurological impairments, loss of memory, behavioral problems, personality disorders or adjustment problems. Diagnostic techniques may include observation of the person's behavior, interviews with the individual and significant others, psychological testing as indicated, and neuropsychological assessment in situations where organic involvement such as brain injury is suspected. Ongoing assessment may be provided as a means of evaluating the effectiveness of treatment.",X,,X,,X,X,X,X,X,X,X
RP-6400,Psychiatric Services,"Programs that are staffed by physicians who specialize in the prevention, diagnosis and treatment of mental, emotional and behavior disorders. Psychiatrists have specialized training, knowledge and skills which enable them to explore the biologic, psychological and social components of illnesses; and are licensed to prescribe medication, conduct physical examinations, order and interpret laboratory tests and EEGs and order brain imaging studies such as CT, CAT, MRI and PET scans as well as evaluate and treat psychological and interpersonal problems and provide continuing psychiatric care.",X,,X,,X,X,X,X,X,X,X
RP-6400.0100,Addiction Psychiatry,Programs that are staffed by licensed physicians who specialize in the diagnosis and treatment of a wide range of addictive disorders as well as the treatment of dually diagnosed individuals with complicated coexisting psychiatric disorders.,X,,,,,,,,X,X,
RP-6400.1500,Child and Adolescent Psychiatry,"Programs that are staffed by licensed physicians who specialize in the prevention, diagnosis and treatment of disorders of thinking, feeling and behavior affecting children, adolescents and their families. Services include an assessment that involves a detailed exploration of current concerns about the child or adolescent's emotional or behavioral problems, physical health and development, history of parental care (including possible abuse), family relationships and any history of parental/familial mental illness; and a variety of treatment options that may include psychotherapy, medication and/or consultation with other physicians or professionals from schools, juvenile courts, social agencies or other community organizations.",X,,X,,X,X,X,X,,X,
RP-6400.8000-600,Psychiatric Case Management,"Programs that develop case plans for the evaluation, treatment and/or care of individuals who have mental, emotional or social problems and need assistance in arranging for services; which assess the individual's needs; coordinate the delivery of needed services; ensure that services are obtained in accordance with the case plan; and follow up and monitor progress to ensure that services are having a beneficial impact on the problem.",X,,X,,X,X,X,X,X,X,X
RP-6400.8000-620,Psychiatric Day Treatment,"Programs that provide a therapeutic environment for individuals who have acute or chronic mental or emotional disturbances, who do not require full-time hospital care but who can benefit from a structured environment for some portion of the day or week. Services may include individual, group and/or family therapy; social and recreational activities; and a range of adjunctive therapies. Psychiatric day treatment programs may be offered by freestanding day treatment facilities, by psychiatric hospitals or by psychiatric units in general acute care hospitals.",,,,,X,X,,,X,X,
RP-6400.8000-650,Psychiatric Medication Services,"Programs that prescribe antidepressants, antianxiety drugs, antimaniacs, sedatives and antipsychotic/neuroleptic medications to control symptoms such as delusions, extreme agitation, panic attacks, manic or depressive episodes, hallucinations or paranoia that are associated with specific forms of mental illness. Services may include a psychiatric evaluation to determine the need for medication; prescription of an appropriate drug; and periodic follow-up to monitor the effectiveness of the medication in modifying the individual's behavior, ensure that undesirable side effects are minimized and verify that medication is, in fact, being taken as prescribed.",,,,,X,X,,,X,X,
RP-6400.8000-660,Psychiatric Rehabilitation,"Programs that integrate treatment strategies associated with psychiatry, occupational therapy and psychiatric case management to help severely mentally ill individuals stabilize their clinical status, increase their ability to function within their environment with as little ongoing professional intervention as possible, and improve their overall quality of life. Services are provided within an intensive case management system and may include medication and supportive psychotherapy to alleviate symptoms; training in interpersonal and independent living skills with a focus on personal care and management, leisure skills, social interaction skills and vocational preferences and aptitudes; cognitive retraining; family psychoeducation; peer support; and assistance in gaining access to the resources and benefits to which they are entitled. The individual is actively involved in developing the treatment plan and selecting the types of training that will be relevant to his or her ongoing roles and relationships.",,,,X,,X,,,X,X,
RR,Mental Health Support Services,"Programs that offer early intervention, transitional care or other services that supplement and facilitate primary and adjunctive therapies; which offer community mental health education programs; or which link people who are in need of treatment with appropriate private providers.",X,,X,X,X,X,X,X,X,X,X
RR-1800,Early Intervention for Mental Illness,"Programs that identify and provide treatment for individuals whose personal condition and social experiences could potentially produce mental, emotional or social dysfunctions with the objective of preventing their development; or which conduct general screening efforts to identify and treat children who have emerging problems to ensure the best possible prognosis.",X,,X,,X,X,X,X,,X,
RR-5050,Mental Health Expense Assistance,"Programs that pay the mental health care expenses of people who are unable to obtain necessary care without assistance. Mental health expense assistance programs may have age, income, disability, need or other eligibility requirements.",X,,X,,X,X,X,X,X,X,X
RR-5150,Mental Health Information/Education,"Programs that provide information through a variety of channels that improves the public's understanding of mental health and mental illness; the nature, etiology, diagnosis and treatment or management of specific mental disorders; and strategies for reducing the incidence of problems where possible. Mental health education programs help people make informed decisions about matters that affect their personal mental health and that of others. They inform the public of the risk factors and signs of mental health problems, encourage people to take advantage of early detection programs, help people modify behaviors that compromise their own mental health and provide support for family members and friends who are coping with mental illness or other mental health issues that have affected a loved one.",X,,X,X,X,X,X,X,X,X,X
RR-5150.2000,Family Psychoeducation,"Programs that provide information for psychiatric patients and their families about the individual's diagnosis; the meaning of specific symptoms; what is known about the causes, effects and implications of the problem; treatment and/or management options; and how to recognize signs of relapse so they can seek necessary assistance before their difficulty worsens or occurs again. People work towards recovery by developing better skills for overcoming everyday problems and illness-related issues, developing social support and improving communication with treatment providers. Family psychoeducation includes teaching coping strategies and problem-solving skills to families, friends and/or caregivers to help them deal more effectively with the individual. It improves the knowledge patients and their families have; provides a greater understanding of the importance and benefits of medication; and reduces distress, confusion and anxiety within the family which may, in turn, help the individual's recovery. It is not considered therapy or treatment but rather is designed to stand alone or complement psychotherapy.",X,,X,X,X,X,X,X,X,X,
RR-5150.5000,Mental Health Related Prevention Programs,"Programs that attempt to reduce the incidence of specific types of mental health issues such as problem gambling, suicidal feelings, sexual addiction, shopping addiction or cluttering through a variety of educational interventions in situations where prevention is a realistic option. The programs help people understand the nature of the problem, the impact of the issue on the lives of individuals and families, the risk factors and warning signs, and sources of treatment and support that are available in the community. Included may be printed materials, videos or websites that address the subject and presentations in schools and agencies and to family groups as well as information campaigns that are intended for the community at large.",X,,,X,X,,,X,X,X,
RR-5150.5000-800,Suicide Prevention Programs,"Programs that attempt to reduce the incidence of suicide through a variety of educational interventions which have the objective of exploring alternatives to self-harm or self-destruction. Suicide prevention programs help people understand the nature of the problem; the risk factors and warning signs; and sources for treatment and support. Included are prevention programs that address specific target populations as well as those that are intended to reach the community at large. Delivery formats may include printed materials, videos or websites that address the subject and presentations in schools and agencies and to family groups.",,,,X,,,X,,X,X,X
RR-8500.5000,Marriage and Family Therapist Referrals,"Programs that link people who are in need of counseling services with individuals who have the education and experience required for marriage and family therapists, who have obtained their licenses and who are qualified in the desired area of specialization.",X,,X,,X,X,X,X,X,X,
RR-8500.6550,Psychologist Referrals,"Programs that link people who are in need of psychological testing or counseling services with individuals who have the education and experience required for psychologists, who have their licenses and who are qualified in the desired area of specialization.",X,,X,,X,X,X,X,X,X,X
RR-8800.5100,Mental Health Halfway Houses,"Programs that provide congregate living arrangements and a wide variety of counseling and supportive services to facilitate the return to the community, if possible, of people who have received psychiatric treatment in an inpatient or residential treatment facility for acute or chronic mental or emotional disorders. Included are facilities that provide brief, intermediate and lifelong living arrangements in a sheltered environment.",X,,X,,X,X,X,X,X,X,
RR-8800.6400,Psychiatric Aftercare Services,Programs that provide continuing treatment and other supportive services for people who have been discharged from a residential treatment or inpatient psychiatric facility with the objective of maintaining the improvement achieved during inpatient treatment and preventing readmission.,X,,X,,X,X,X,X,X,X,
RR-8800.6500,Psychiatric Resocialization,Programs that provide social and recreational activities for people who are recovering from mental illness to help them gain confidence and readjust to living and/or working in the community.,X,,X,,X,X,X,X,X,X,X
RX-0400.1500,Central Intake/Assessment for Substance Use Disorders,Programs that serve as gatekeeper agencies which evaluate individuals who are in need of services related to an alcohol or other drug use disorder and triage them for the limited number of subsidized beds that may be available in the community. Some programs may also offer medical detoxification services for people who need them.,X,,,,,,,,X,X,
RX-0400.2500,General Assessment for Substance Use Disorders,Programs that evaluate individuals who may have a drug and/or alcohol use disorder to determine the nature and extent of the problem; and which may make a recommendation regarding treatment or may refer the individual to a specific program. The service does not include a centralized triage function within the community or a formal relationship with the courts.,X,,,,,,,,X,X,
RX-8250,Substance Use Disorder Education/Prevention,"Programs that provide information about substance use disorders (including the substances most commonly used and their effects, the diagnostic criteria for substance use disorders, screening and diagnostic procedures and methods of treatment) and/or which offer any of a variety of services that focus on substance use prevention for people of all ages who are at risk. Included may be printed materials or videos that address the subject; psycho-educational and skill building activities; structured groups which focus on family dynamics, problem-solving, self-esteem and similar issues; and presentations in schools and agencies and to family groups regarding the dangers of alcohol and drug use and smoking, the signs of substance use disorders, the legal consequences of illegal substance use and how to get help.",X,,,X,,,,,X,X,X
RX-8450,Substance Use Disorder Treatment Programs,"Community and hospital-based programs that provide a variety of inpatient, outpatient and residential treatment services for individuals who have problems related to excessive use of alcohol and/or use of other drugs.",X,,,,,,,,X,X,
RX-8450.1150,Comprehensive Outpatient Substance Use Disorder Treatment,"Supervised, structured programs that offer a wide range of outpatient services which may be coordinated by a case manager and may include individual and group counseling, 12-step meetings, social and recreational activities, educational and vocational services, life skills training, primary health care, perinatal health care, a program for family members, relapse prevention services, a continuing care program and supportive services (such as child care, transportation and parenting skills development) for individuals who have problems related to excessive use of alcohol and/or use of other drugs and need access to treatment to maintain their individual recovery plans but do not require the intensity of a day treatment program or 24-hour hospital care. Participants attend the program on a regularly scheduled basis at least once a month but usually more frequently depending on their individual needs. Intensive outpatient programs are usually available three or four days per week for three or four hours per day.",X,,,X,,,,,X,X,
RX-8450.6600,Perinatal Substance Use Disorder Treatment,"Programs that provide comprehensive treatment services on a residential, outpatient or day treatment basis for pregnant women who have a substance use disorder, women who are parenting children, generally age three or younger, and/or women who have babies who were exposed to drugs and/or alcohol during pregnancy. Services may include individual and group counseling, 12-step meetings, social and recreational activities, educational and vocational services, life skills training, primary health care, perinatal health care, HIV testing and counseling, AIDS prevention, a program for family members, relapse prevention services, a continuing care program and a wide array of supportive services such as child care, transportation and parenting skills development. The objective of the program is to help these women restructure their lives so that they can handle their parenting responsibilities as well as remain alcohol and/or drug free.",,,,X,X,,X,,X,X,
RX-8450.7000,Residential Substance Use Disorder Treatment Facilities,"Community based residential facilities that provide treatment services in the context of a 24-hour, supervised drug and alcohol-free environment for people who have problems related to excessive use of alcohol and/or use of other drugs",X,,,,,,,,X,,
RX-8450.8000,Substance Use Disorder Counselling,"Programs that provide individual, group or family therapy for individuals who have problems related to the excessive use of alcohol and/or use of other drugs (and/or for their families) to help them better understand the nature of the disorder and support recovery efforts.",X,,,,,,,,X,X,X
RX-8450.8100,Substance Use Disorder Day Treatment,"Programs that provide supervised, structured, full-day daytime activities which may include individual and group counseling, 12-step meetings, social and recreational activities, educational and vocational services, a program for family members, relapse prevention services and a continuing care program for individuals who have disorders related to excessive use of alcohol and/or use of other drugs, need treatment that is more intensive than an outpatient program but do not require 24-hour hospital care, and are currently drug and/or alcohol free. Most participants attend day treatment programs eight hours per day, Monday through Friday with part-day sessions on the weekends (though some programs are available as little as five hours per day or as long as 12 hours per day).",X,,,X,,,,,X,,
RX-8470,Supportive Substance Use Disorder Services,"Community and hospital-based programs that provide a variety of services for individuals who have problems related to excessive use of alcohol and/or use of other drugs and need support to commit to a treatment program, survive a substance use related crisis or sustain an abstinent lifestyle.",X,,,,,,,,X,X,
RX-8470.8200,Substance Use Related Crisis Intervention,Programs that provide in-person immediate response services for people who are in life-threatening situations due to a drug overdose or acute intoxication. Included are 24-hour facilities which have emergency intake capabilities and organizations that have mobile units which allow staff to intervene directly at the scene.,X,,,,,,X,X,X,X,
RX-8470.8250,Substance Use Related Drop In Services,"Programs that provide alternative, nonresidential environments that are drug and alcohol free for individuals who have a problem with excessive use of alcohol and/or use of other drugs. Services may include recreational activities, socialization, information and referral, individual and/or group counseling sessions, 12-step meetings, snacks, day beds, showers and/or clean clothing.",?,,?,,?,?,?,?,?,?,?
RX-8470.8400,Substance Use Disorder Intervention Programs,Programs that work with the families and friends and others who are concerned with the excessive use of alcohol and/or use of other drugs by someone they love with the objective of helping those individuals create a crisis in the life of the person as the first step in helping them to recognize that they have a substance use disorder and accept treatment. The program offers a guided process during which groups of concerned others express their feelings about the effects of the problem on their own lives; develop the strength and objectivity to confront the one they love; plan and rehearse an intervention strategy where the individual is confronted with his or her behavior and the consequences of refusing to seek treatment; confirm a treatment plan including financial arrangements and bed availability; establish a date and time for the intervention; and carry out the intervention with the hope that the person will accept treatment.,X,,,,,,,,X,X,
RX-8470.8600,Substance Use Disorder Referrals,Programs that link people who are in need of drug and/or alcohol use disorder services with appropriate resources.,X,,,,,,,,X,X,X
TJ-3200.9500,Youth Issues Lines,"Programs that provide telephone information about specific youth-related topics such as alcohol and drug abuse; child abuse; sexuality; sexually transmitted diseases; AIDS; birth control, pregnancy and choices; sexual assault; weight management; relationships; dealing with feelings; family concerns; dealing with rules; and school, career and life choices. Included are programs with tapes on specific topics that youth can select and access through a central number which are then played over the telephone, those that are staffed by live operators who can answer questions directly, and those that provide youth issues information via an Internet website.",X,,X,,X,X,X,X,,X,
YF-5000,Mental Illness/Emotional Disabilities,"An alteration in thinking, mood or behavior or some combination of those that either creates distress or interferes with people's relationships or their ability function.",,,,,X,,,,X,X,
YF-5000.0500,Anxiety Disorders,"Disorders that are characterized by persistent feelings of apprehension, worry, uneasiness or dread the source of which is frequently nonspecific or unknown to the individual which may be accompanied by restlessness, irritability, lack of concentration, difficulty sleeping, increased heart rate, shortness of breath and other physiological symptoms.",,,,,X,,,,X,X,
YF-5000.0500-030,Agoraphobia,A disorder that is marked by fear of being alone in open spaces or public places from which escape might be difficult or help not available in case of sudden incapacitation. Normal activities are increasingly constricted as the fears or avoidance of open spaces dominate the individual's life. The initial stage of the disorder often consists of recurrent panic attacks. The individual develops an anticipatory fear of having such attacks and becomes reluctant or refuses to enter into situations that are associated with the attacks.,,,,,X,X,,,X,X,
YF-5000.1700-100,Children and Youth With Emotional Disturbance,"A disorder arising in childhood or adolescence which is marked by an inability to learn or other functional deficits that cannot be explained by intellectual, sensory or health factors; an inability to build or maintain satisfactory interpersonal relationships with peers, teachers and other adults; inappropriate types of behavior or feelings under normal circumstances; a general pervasive mood of unhappiness or depression; and a tendency to develop physical fears associated with school problems or other issues that is severe enough to adversely affect the child's educational performance or ability to engage in age-appropriate activities. Characteristics may include hyperactivity, aggression or self-injurious behavior, withdrawal, immaturity, and learning difficulties.",,,,,X,,,X,,X,
YF-5000.5050-170,Depression,"A mental state of depressed mood that is characterized by feelings of sadness, despair and discouragement. Depression ranges from normal feelings of the blues through chronic depression (dysthymia) to major depression. In many ways, it resembles the grief and mourning that follow bereavement including feelings of low self esteem, guilt and self reproach, withdrawal from interpersonal contact and physical symptoms such as eating and sleep disturbances.",,,,,X,,,,X,X,
YF-5000.5050-170.65,Perinatal/Postpartum Depression,"A condition experienced by some women immediately before or following delivery of a child which is characterized by feelings of sadness and inadequacy, lack of feeling for the baby, overconcern for the baby, crying for no reason, inability to concentrate, changes in sleeping patterns, numbness, anger, anxiety, exaggerated highs and lows and thoughts of suicide.",,,,,X,,,,X,X,
YF-5000.5550,Psychotic Disorders,Disorders that are characterized by psychogenic disturbances including delusions and/or hallucinations that are of such magnitude that there is personality disintegration and loss of contact with reality.,,,,,,X,,,X,X,
YF-5000.5550-800,Schizophrenia,"Any of a group of disorders that are characterized by onset before age 45, deterioration from a previous level of functioning in areas such as work, social relations or self-care, and at least one of the following during a phase of the illness: bizarre delusions such as delusions of being controlled, thought broadcasting, thought insertion or thought withdrawal; somatic, grandiose, religious or nihilistic delusions; delusions with jealous or persecutory content accompanied by hallucinations of any type; auditory hallucinations; or incoherence associated with a blunted, flat or inappropriate affect, delusions or hallucinations, or catatonic or other grossly disorganized behavior.",,,,,,X,,,X,X,
YF-8000,Substance Use Disorders,"Disorders related to excessive alcohol use, other drug use or use of other substances including caffeine and tobacco that is characterized by an inability to control or limit the amount taken or the frequency; intense cravings; continuing use despite problems with work, school or family/social obligations or interpersonal problems; risky use, e.g., driving a car, operating machinery while under the influence or continuing to smoke following an emphysema diagnosis; or evidence of pharmacological indicators (tolerance and withdrawal symptoms), the adjustment the body makes as it attempts to adapt to the continued and frequent use of a substance.",X,,,,,,,,X,X,
YF-8000.0500-650,Pregnant Women With an Alcohol Use Disorder,Women who have used alcohol during pregnancy and whose unborn children are at risk of health problems associated with fetal alcohol spectrum disorders.,X,,,,,,,,X,X,
YF-8000.1800,Drug Use Disorders,"Disorders related to recurrent use of drugs other than alcohol that cause clinically and functionally significant impairment such as health problems, disability, and failure to meet major responsibilities at work, school or home. Diagnostic criteria include intense cravings; impaired control of the amount and frequency taken; persisting in use despite harmful personal, social and occupational consequences; risky use, e.g., driving or operating machinery while under the influence; increased tolerance and physical withdrawal symptoms.",X,,,,,,,,X,X,X
YF-8000.1800-680,Pregnant Women With a Drug Use Disorder,"Women who have used drugs during pregnancy and whose unborn children are at risk of birth defects and related health issues which may include low birth weight and a variety of behavioral and cognitive problems. If the woman is using heroin or other opiates, the fetus may be at risk of in utero addiction and development of neonatal abstinence syndrome (NAS) which requires hospitalization and treatment with medication (often a morphine taper) to relieve symptoms until the baby adjusts to becoming opioid free.",X,,,,,,,,X,X,
YJ-2300.0500,Adult Children of Parents With an Alcohol Use Disorder,"Adults whose own personal, social and familial coping has been negatively affected by being reared by or having contact in their formative years with a parent or parent figure who had an alcohol use disorder, including a possibly dysfunctional family response to this situation and who, as a result, have internalized both the excessive alcohol consumption and codependency patterns of coping which may interfere with positive adjustments in adult life.",X,,,,,,,,X,,
YJ-5500,Families/Friends of Mentally Ill,"The parents, children, spouses, partners, friends or other relatives or significant others of people who have clinically significant behavioral or psychological problems, whose own patterns of personal, social and familial coping have been significantly affected by ongoing interaction with and concern about the mentally ill individual.",X,,X,,X,X,X,X,X,X,X
YO-5000,Mental Health Occupations,"Individuals whose occupations are concerned with helping people deal with psychological, emotional and social problems.",X,,X,,X,X,X,X,X,,
YO-5000.5200,Mental Health Counsellors,"Individuals who provide evaluations, referrals and short-term counseling services to help people prevent or remediate personal problems, conflicts and emotional crises. They help people deal with any of a wide variety of issues including addictions and substance abuse, suicidal impulses, stress management, problems with self-esteem, issues associated with aging, job and career concerns, educational decisions, issues related to mental and emotional health, and family, parenting and marital problems. They work closely with other mental health specialists including psychiatrists, psychologists, clinical social workers, psychiatric nurses and school counselors.",X,,X,,X,X,X,X,X,X,X
YO-5000.6500,Psychologists,"Individuals who are concerned with finding, preventing, and treating emotional and mental disorders and helping clients/patients develop more rewarding lives. Clinical or counseling psychologists work directly with patients, interviewing, taking histories, administering diagnostic tests and observing the patients' behaviors in order to help them with their problems. Therapy may be conducted in groups or individually. Clinical psychologists may collaborate with physicians and other health team members to develop treatment programs but are not licensed to prescribe medication.",X,,X,,X,X,X,X,X,X,X
YZ-0150,Addictions/Dependencies Issues,Programs that provide information and/or services that deal generally with the topic of addiction/dependency.,X,,,,,,,,X,X,X
YZ-8400,Substance Use Disorder Issues,Programs that provide information and/or services that deal with the topic of substance use disorders.,X,,,,,,,,X,X,X
YZ-8420,Suicide Issues,Programs that provide information and/or services that deal with the topic of suicide.,,,,,,,X,,X,X,
RX-8500.6500,Recovery Homes / Halfway Houses ,"Community-based, peer-group-oriented, residential facilities that provide food, shelter and recovery services in a supportive, non-drinking, drug-free environment for people who have completed a hospital or residential substance use disorder rehabilitation program and need continued support in a residential setting to sustain their recovery. Services may include case management, relapse prevention counseling, 12-step meetings, educational and vocational planning, recreational activities and assistance in obtaining health, social, vocational and other services available in the community. Residents are expected to abide by house rules which vary from facility to facility. The objective is to help people who are recovering from an alcohol and/or other drug use disorder bridge the gap between intensive treatment and independent sober living.",,,,X,,,,,X,X,
LH-2700.9500,Wellness Programs ,"Programs that offer individual and/or group sessions which assist participants to understand how their lifestyle impacts their physical and mental health and to develop personal practices that enhance their total well-being. Wellness programs are holistic and combine a variety of components which may include a general physical examination that is tailored to the individual's needs; an evaluation of the person's pattern of exercise, eating habits, sources of stress and other lifestyle elements that are potential risk factors; and the development and implementation of an individualized plan for prevention management and early intervention to optimize health and performance which may include physical fitness sessions, nutrition counselling, stress reduction techniques, biofeedback, practice in assuming responsibility for one's choices, and other specific measures for avoiding physical and mental health problems.",X,,X,X,X,X,,X,X,X,
LH-5000.0600,AIDS/HIV/STD Prevention Supplies,"Programs that distribute condoms, lubricants, dental dams, bleach kits (ammonia or bleach for cleaning needles and instruction for use) and/or other supplies that can be used to help stop the spread of AIDS, other blood borne infectious diseases and sexually transmitted diseases among high-risk populations. Individuals who have a history of injection drug use, sex with a person with HIV/AIDS, sex with a man who has sex with other men, sex with an injection drug user, a sexually transmitted disease, or are exchanging money or drugs for sex are considered to be at high or increased risk.",X,,,X,,,,,X,X,
LH-5000.6100,Needle Exchange/Distribution Programs ,"Programs that help prevent the transmission of HIV/AIDS and other blood borne infectious diseases by providing new, sterile syringes and other sterile injection supplies to needle users in exchange for used ones; or which sell new hypodermic needles and syringes to high risk individuals who have a prescription or, in jurisdictions where it is permitted, without a prescription.",X,,,X,,,,,X,X,
YF-5000.2150,"Eating Disorders 
","A condition that is characterized by a compulsive obsession with food or weight and an inability to accurately perceive one's physical appearance in which the individual may compulsively overeat, engage in eating binges which may or may not be followed by purging, refuse to eat or otherwise use food or the process of eating or not eating in a self-destructive manner.",,,X,,X,,X,,X,X,X
RP-6400.1900,Eating Disorders Treatment ,,,,X,X,X,,,,X,X,X
RP-5000.5000-200,Eating Disorders Screening ,,,,X,,X,,,,X,X,X
TJ-3000.8000,Specialized Information and Referral,"Programs that maintain information about community resources that are appropriate for a specific target group or human services sector (for example, youth programs or addiction services) and which link individuals who are in need of specialized services with appropriate resources and/or which provide information about community agencies and organizations that offer specialized services.",,,,X,,,,,X,X,X
PH-6100,Parenting Education ,"Programs that provide classes, workshops or other educational opportunities for parents or potential parents who want to acquire the knowledge and skills to be effective in their parenting role.",,,,X,,,,,X,,
LH-2700.2500,General Health Education Programs ,"Programs that provide information that helps the public make choices which promote personal health, prevent illness and disability, take advantage of opportunities for early detection, and support their ability to deal effectively with health problems when they arise. General health education programs provide information about a wide variety of health related topics rather than specializing in a particular area.",,,,X,,,,,X,X,X
